{
  "COST_INFEASIBILITY_EL": 2.509977527554161e7,
  "COST_INFEASIBILITY_H": 0.0,
  "Objective Value": 6.785092966493886e8,
  "COST_H": 0.0,
  "COST_EX": 1.4937547073895136e7,
  "COST_G": 5.997195190417564e8,
  "COST_CURT": 3.875245525797141e7,
  "COST_REDISPATCH": 0.0,
  "Solve Status": "OPTIMAL"
}
