{
  "COST_INFEASIBILITY_EL": 2.5099775275541604e7,
  "COST_INFEASIBILITY_H": 0.0,
  "Objective Value": 7.08973714817247e8,
  "COST_H": 0.0,
  "COST_EX": 1.405387402254854e7,
  "COST_G": 6.310676102610713e8,
  "COST_CURT": 3.875245525797141e7,
  "COST_REDISPATCH": 0.0,
  "Solve Status": "OPTIMAL"
}
