{
  "COST_INFEASIBILITY_EL": 3.2539806603823453e7,
  "COST_INFEASIBILITY_H": 0.0,
  "Objective Value": 7.110376150449319e8,
  "COST_H": 0.0,
  "COST_EX": 1.6613298957547363e7,
  "COST_G": 6.367263345295765e8,
  "COST_CURT": 7.709095244200619e7,
  "COST_REDISPATCH": 2.5158174953965656e7,
  "Solve Status": "OPTIMAL"
}
