{
  "COST_INFEASIBILITY_EL": 7.052129677558492e6,
  "COST_INFEASIBILITY_H": 0.0,
  "Objective Value": 5.735800811780081e8,
  "COST_H": 0.0,
  "COST_EX": 2.0549541347088866e7,
  "COST_G": 4.950506989516462e8,
  "COST_CURT": 5.0927711201667294e7,
  "COST_REDISPATCH": 0.0,
  "Solve Status": "OPTIMAL"
}
