{
  "COST_INEAS_EL": 7.674180449970531e7,
  "Solve Status": "OPTIMAL",
  "Objective Value": 1.4641560460715955e8,
  "COST_H": 0.0,
  "COST_EX": 18380.141716691807,
  "COST_G": 6.760011284929524e7,
  "COST_CURT": 3.0196235128844734e6,
  "COST_REDISPATCH": 2.0553071164423022e6,
  "COST_INEAS_H": 0.0
}
