{
  "COST_INFEASIBILITY_EL": 3.2611232902703304e7,
  "COST_INFEASIBILITY_H": 0.0,
  "Objective Value": 6.93365641567747e8,
  "COST_H": 0.0,
  "COST_EX": 1.8531976408027656e7,
  "COST_G": 6.08658935684346e8,
  "COST_CURT": 8.34605797771102e7,
  "COST_REDISPATCH": 3.356349657264438e7,
  "Solve Status": "OPTIMAL"
}
