{
  "COST_INEAS_EL": 7.457946774462679e7,
  "Solve Status": "OPTIMAL",
  "Objective Value": 1.42556064074465e8,
  "COST_H": 0.0,
  "COST_EX": 28578.6100768093,
  "COST_G": 6.770838727701262e7,
  "COST_CURT": 239630.44274879966,
  "COST_REDISPATCH": 0.0,
  "COST_INEAS_H": 0
}
